pullreq_id,body,sentiment,link,Content,Attribute
2603,add a log message for this case.,-1,https://github.com/CorfuDB/CorfuDB/pull/2603,Suggestion,Constructive
4710,shall we add a proper error log here ?,-1,https://github.com/wso2/carbon-apimgt/pull/4710,Question,Constructive
15159,are you sure that ''hopefully'' is the right word here ? it looks weird,-1,https://github.com/symfony/symfony/pull/15159,Question,Criticize
3467,"the underline/overline needs shortening here, or sphinx will complain...",-1,https://github.com/wagtail/wagtail/pull/3467,Comment,Criticize
19966,i really don't like this loop but got no better idea for now,-1,https://github.com/TrinityCore/TrinityCore/pull/19966,Comment,Criticize
2752,![minor](https://sonarsource.github.io/sonar-github/severity-minor.png 'severity: minor') forbidden non null assertion [![rule](https://sonarsource.github.io/sonar-github/rule.png)](https://next.sonarqube.com/sonarqube/coding_rules#rule_key=typescript%3as,-1,https://github.com/SonarSource/sonarqube/pull/2752,Suggestion,Constructive
766,the eslint disable can be deleted by replacing dangerouslysetinnerhtml with reacthtmlparser,-1,https://github.com/uktrade/great-cms/pull/766,No Content,Other
2911,do we need the 'onclick' in this name? it seems sort of like 'exportall' is the action and that it's a little redundant below to have 'onclick={ onclickexportall }'. i don't feel super strongly about it.,-1,https://github.com/Automattic/wp-calypso/pull/2911,Question,Criticize
1757,can we put a log message here?,-1,https://github.com/GoogleCloudPlatform/forseti-security/pull/1757,Question,Constructive
5387,"it would be better to make 'if (entry->var_el_size > 0) {}' an outer if and move the code above inside it, to avoid the repeated and rather confusing check inside n_max.",-1,https://github.com/php/php-src/pull/5387,Suggestion,Constructive
1199,"hm, it seems a shame to have to duplicate the regexes just to add ^$. it looks like there isn't a js helper for \match the whole string\"" without adding that to the regex? i guess you could do: '''javascript var exactmatch = function(regex, string) {""",-2,https://github.com/mixxxdj/mixxx/pull/1199,Question,Criticize
2171,i don't think we want a warn log for user-specified readonlyheaders on every build of a message. perhaps it would be better to put the warn log in the for loop of 'gatewaymethodinboundmessagemapper.defaultmethodargsmessagemapper.tomessage' line 309 and,-1,https://github.com/spring-projects/spring-integration/pull/2171,Suggestion,Constructive
20161,"i hope we can kill this, too. is that a separate task?",-1,https://github.com/apple/swift/pull/20161,Question,Other
2507,the position of this code is pretty weird. why is it not generated directly above the hybrid_cases?,-1,https://github.com/php/php-src/pull/2507,Question,Criticize
1855,"do we care about handling the case where there is > 1 san extension? right now this will return the first one found and use it, but if there is > 1 we should really just error out.",-1,https://github.com/python/cpython/pull/1855,Question,Constructive
3943,"ï¿½? avoid creating a temporary list just to iterate over it later. maybe replace the loop later with: '''suggestion stream.of(filterlist, referencefilterlist) .flatmap(list::stream) .map(object::getclass) .map(class::t",-1,https://github.com/codice/ddf/pull/3943,Question,Emoji
2819,does the automatic flop calculation in #2776 work for this?,-1,https://github.com/dmlc/tvm/pull/2819,Question,Constructive
3353,"this line scares me... if $staging_dir and $staging_clone_dir are unset, you're just doing a 'sudo rm -rf /' which is bad... could you add a guard that only runs this if 'staging_dir' is set?",-1,https://github.com/broadinstitute/gatk/pull/3353,Question,Criticize
7416,"this message should include 'currinodepath', and the 'child.getname', so we can know which path is invalid.",-1,https://github.com/Alluxio/alluxio/pull/7416,Suggestion,Constructive
1266,i know it didn't happen here... but i don't like endpoint being in ()s. i always think of things in ()s as things tha could be removed without changing the meaning of the sentence... but without the endpoint word... this thing is almost saying we suppor,-1,https://github.com/codice/ddf/pull/1266,Comment,Criticize
600,11 mother fucker,-2,https://github.com/it-projects-llc/misc-addons/pull/600,No Content,Criticize
1182,flag' is a terrible name :) 'cb_pending'?,-1,https://github.com/ElementsProject/lightning/pull/1182,Comment,Criticize
6621,including an exception message stating the invalid method name would be nice. makes debugging easier.,-1,https://github.com/cakephp/cakephp/pull/6621,Suggestion,Constructive
13334,"not a strong opinion, but i think doing this before function invocation may increase readability, wdyt?",-1,https://github.com/apache/airflow/pull/13334,Question,Criticize
8766,sorry i just fixed an issue regarding it: https://github.com/notepad-plus-plus/notepad-plus-plus/commit/55d671719c8f00f02ed32b15575bc2e6587a5e30 '&f' should be removed.,-2,https://github.com/notepad-plus-plus/notepad-plus-plus/pull/8766,Suggestion,Apologetic
1852,"sorry, i don't understand: why don't we need this any longer?",-2,https://github.com/wxWidgets/wxWidgets/pull/1852,Question,Apologetic
298,"the recommended bit is a bit weird, but maybe ok to leave as we will need that when we release.",-1,https://github.com/confluentinc/schema-registry/pull/298,Comment,Criticize
817,should we change this to make it an optional<eventprocessor>? i don't like throwing runtimeexceptions directly. (i do realize this was already the case),-1,https://github.com/AxonFramework/AxonFramework/pull/817,Question,Constructive
3402,"does this mean we need to (a) ensure we always run tests against a \built\"" dist folder, and (b) need to change our tests to point to 'dist' and not 'lib'?""",-1,https://github.com/renovatebot/renovate/pull/3402,Question,Constructive
16972,"sorry to raise an old pr, but what is the aim of this line? i'd expect this to be a no-op. (and what would be the better way to ask random questions on random pieces of code?)",-2,https://github.com/cms-sw/cmssw/pull/16972,Question,Apologetic
684,pls keep 'o' as prefix. it will help us to distinguish different 'map' from other modules / libraries. same with 'chain' etc. here are some naming conventions (i can share my vscode snippets to you): ''' import * as a from 'fp-ts/array' import * as,-1,https://github.com/thorchain/asgardex-electron/pull/684,Suggestion,Constructive
15282,this isn't a good assumption. you should check 'if '+termlib' in self.spec['ncurses']' to confirm.,-1,https://github.com/spack/spack/pull/15282,Suggestion,Criticize
526,"@jacklivio these values should be omited here. so the 'steal_focus', 'keep_context', 'defalt_hmi' are shoul not be presented here at all. and this is what #526 print out",-2,https://github.com/smartdevicelink/sdl_core/pull/526,Comment,Constructive
1807,should this just be a runtimeexception? ofe indicates a client mistake of some form. server faults can be runtime exceptions which then get logged in the server.,-1,https://github.com/wildfly/wildfly-core/pull/1807,Question,Constructive
10974,"bad @tivisse , bad !",-1,https://github.com/odoo/odoo/pull/10974,Ironic,Criticize
20711,"this is sorta wrong, even the previous message. the binary built by the 'build' command is not necessarily executable in the sense that it doesn't have to have an entry point.",-1,https://github.com/ballerina-platform/ballerina-lang/pull/20711,Comment,Constructive
6187,"should this be below the next changelog entry? it feels a bit weird saying we added support for something and then on the next line saying we added the new setting. also, i think there's a 'the' missing between 'in image'?",-1,https://github.com/tinymce/tinymce/pull/6187,Question,Criticize
9867,we should be using sql here instead of using the ar models. it's annoying because there are so many associations to delete... this case is so simple it might be ok.,-2,https://github.com/discourse/discourse/pull/9867,Suggestion,Criticize
12077,"so, it's not fine to use 'make_unique'?",-2,https://github.com/pytorch/pytorch/pull/12077,Question,Constructive
20941,"suggestion to improve, tighten this up, and remove \note that\"" and \""note:\"" while grouping together those two messages and keeping the related rpcs sentence at the end '''diff +++ b/src/rpc/rawtransaction.cpp @@ -816,12 +816,11 @@ static rpchelpman sen""",-1,https://github.com/bitcoin/bitcoin/pull/20941,Suggestion,Constructive
6101,useless javadoc,-1,https://github.com/metasfresh/metasfresh/pull/6101,Comment,Criticize
7970,silly question but is that a scalar? i feel the code ''denominator < np.float64(1e-150)'' easier to understand.,-1,https://github.com/scikit-learn/scikit-learn/pull/7970,Question,Constructive
2390,looks like there's a label missing for this input. that makes it hard for people using screen readers or voice control to use the input.,-1,https://github.com/DefectDojo/django-DefectDojo/pull/2390,Comment,Criticize
1526,"will set_neighbor_interface guranteen the neighbor interface is set correctly? if not, can we double check the neighbor interfaces status after this? just want to make sure the neighbor interface is actually down to avoid false alarm. thanks",-1,https://github.com/Azure/sonic-mgmt/pull/1526,Question,Constructive
11725,useless 'break',-1,https://github.com/laravel/framework/pull/11725,Comment,Criticize
30372,"is this a non-optional, runtime dependency? i just ask because it's big :(",-1,https://github.com/Homebrew/homebrew/pull/30372,Question,Emoji
25008,"maybe you can extract this into a separate line otherwise it makes the indentation looks a bit weird imo. '''c++ auto diag = diag::unexpected_if_following_else_compilation_directive; auto rangetoreplace = sourcerange(clauseloc, tok.getloc().getadvanc",-1,https://github.com/apple/swift/pull/25008,Suggestion,Constructive
21509,"it would be nice to squeeze \draft4\"" in here somewhere, maybe this variable name, in an attempt to save future devs that particular confusion.""",-1,https://github.com/Automattic/wp-calypso/pull/21509,Comment,Constructive
32250,how nasty would be to consolidate this down to just 'icon' and have the user pass down either a gridicon or a material icon?,-2,https://github.com/Automattic/wp-calypso/pull/32250,Question,Criticize
462,we could also run the whole challenge in a namespace. this would require a big refactor unfortunately.,-1,https://github.com/tue-robotics/tue_robocup/pull/462,Comment,Criticize
44726,"i have not looked at this in depth, but i believe this should be 'msg' instead of 'message'.",-1,https://github.com/ansible/ansible/pull/44726,Suggestion,Constructive
42390,can we use none here instead ? empty string as null value could lead to some confusing debugging,-1,https://github.com/pytorch/pytorch/pull/42390,Question,Criticize
3665,"instead of removing, please ignore this test and add a comment why you are ignoring.",-2,https://github.com/apache/carbondata/pull/3665,Suggestion,Constructive
7957,is this message still relevant if we're making it available for all platforms?,-1,https://github.com/puppetlabs/puppet/pull/7957,Question,Constructive
338,"![critical](https://sonarsource.github.io/sonar-github/severity-critical.png 'severity: critical') define a constant instead of duplicating this literal \an error occurred while retriving context identifier\"" 3 times. [![rule](https://sonarsource.github.io""",-1,https://github.com/WSO2Telco/component-ids/pull/338,No Content,Other
6216,"''suggestion export const get = <t>(xs: arraylike<t>, i: number): optional<t> => i >= 0 && i < xs.length ? optional.some(xs[i]) : optional.none(); export const last = <t>(xs: arraylike<t>): optional<t> => get(xs, xs.length - 1); '''",-1,https://github.com/tinymce/tinymce/pull/6216,No Content,Other
296,why don't we use a different method 'real_column' (or something similar) and use it instead. i personally dislike adding 1s here and there since people not familiar with the code are easily confused by those.,-2,https://github.com/bbatsov/rubocop/pull/296,Suggestion,Criticize
902,shocked we didn't have this before!,-2,https://github.com/alphagov/pay-adminusers/pull/902,Comment,Constructive
477,"whilst this capitalisation is expected for the status in the ui, i wonder if that makes sense within a sentence. please could these error messages be checked with emma, the product owner.",-1,https://github.com/folio-org/mod-circulation/pull/477,Comment,Constructive
1380,"i think it should be '<= ( nbits / 2)' here: since 'bitlen' is 1-based and 'd' is odd, we have 'd > 2^( bitlen(d) - 1 )', so we need 'bitlen(d) - 1 >= nbits / 2', i.e. 'bitlen(d) > nbits / 2', to infer 'd > 2^( nbits / 2 )'.",-1,https://github.com/ARMmbed/mbedtls/pull/1380,Suggestion,Constructive
241,"deliberately didn't add this to readme, to not encourage people for using it. not sure if it's actually a good idea or not! you think we should add it?",-1,https://github.com/Tradeshift/elements/pull/241,Question,Constructive
2962,how about we just merge this one line fix into master? this would close the issue before release and you can still figure out the hard testing part for tpu in the other pr that's blocking this. cc @borda,-1,https://github.com/PyTorchLightning/pytorch-lightning/pull/2962,Suggestion,Constructive
10892,these 2 '#include's are in weird place - inside a namespace and interleaved by global constants. what is the reason for it?,-1,https://github.com/idaholab/moose/pull/10892,Question,Criticize
11462,this will probably fail as you have a mock 'japplicationcms' object rather than the real thing,-1,https://github.com/joomla/joomla-cms/pull/11462,Comment,Criticize
3117,"i don't think we should do this kind of replacement. also, it's not related to this pr.",-1,https://github.com/nrfconnect/sdk-nrf/pull/3117,Ironic,Criticize
43370,"@dsoper2 i think i mentioned it once before, but this one big try-except block you are using in almost every module is considered a bad practice. we tend to prefer small try-except blocks and catching specific exceptions with specific error-messages guidi",-1,https://github.com/ansible/ansible/pull/43370,Comment,Criticize
2108,"why \vision\"" and not \""about\""? i find this kind of weird""",-1,https://github.com/edx/edx-platform/pull/2108,Comment,Criticize
1042,is there a reason why this may fail? maybe check ahead of time to prevent the exception and log message?,-1,https://github.com/apache/nifi/pull/1042,Question,Constructive
1752,"sorry for the confusion. it's easy: start this branch in dev mode, hover over a **deck's** cue button in any skin. check the right-click connection, have a look at the corresponding tooltip string below. it doesn't match.. so here we should use qstr",-2,https://github.com/mixxxdj/mixxx/pull/1752,Suggestion,Apologetic
1787,there is a domain_introspector_job_pattern in legalnames.java where the job names come from. it is probably not a good idea to have 2 constants for introspector job name in 2 different classes.,-1,https://github.com/oracle/weblogic-kubernetes-operator/pull/1787,Comment,Criticize
12991,"startswith' checks both \assert\"" and \""assret\"" so hardcoding \""assert\"" might lead to confusing error message when the attribute starts with assret instead. perhaps change this to \""attributes cannot start with 'assert' or 'assret'\"" ? ''' ./python.exe p""",-1,https://github.com/python/cpython/pull/12991,Question,Constructive
540,__[eslint]__ parsing error: 'import' and 'export' may appear only with 'sourcetype: module' ([view](https://sider.review/gh/repos/176235792/pulls/540#issue-5355912)) <details> | rule | severity | category | recommended | | ---- | -------- | -------- | -,-1,https://github.com/WeBankFinTech/webase-front/pull/540,No Content,Other
11047,to approximate' twice in the same sentence sounds a little odd here. can we try re-wording?,-1,https://github.com/Alluxio/alluxio/pull/11047,Question,Criticize
49096,we'll need an actual stable upstream tag here.,-1,https://github.com/Homebrew/homebrew/pull/49096,Suggestion,Constructive
2737,"you may need to add ''' dictionary_options -i${fftw_include_dir} ''' here if dictionary generation fails. we have a problem that we cannot inherit yet the include directories, but hopefully i will find a way to fix it without needing to require cma",-1,https://github.com/root-project/root/pull/2737,Suggestion,Constructive
2738,i found an issue here (what we talked about on slack). > warning: fopen(d:\git\mautic/d:\git\mautic/css/libraries.css): failed to open stream: invalid argument in d:\git\mauticppundles\corebundle\helper\assetgenerationhelper.php on line 141 you,-1,https://github.com/mautic/mautic/pull/2738,Suggestion,Constructive
452,why message next ?,-1,https://github.com/allegro/hermes/pull/452,Question,Constructive
14368,"oops, need to remove this line.",-2,https://github.com/ArduPilot/ardupilot/pull/14368,Ironic,Criticize
229,"![critical](https://sonarsource.github.io/sonar-github/severity-critical.png 'severity: critical') define a constant instead of duplicating this literal \error in deleting image '{}' from team '{}' : {}\"" 4 times. [![rule](https://sonarsource.github.io/son""",-1,https://github.com/nus-ncl/service-web/pull/229,Comment,Constructive
4955,"i'd like to drop this line-- people upgrading their weird configs are probably more valuable than people testing with fresh sites, don't you think @jeherve ?",-1,https://github.com/Automattic/jetpack/pull/4955,Ironic,Criticize
2340,to run scanners (excluding external project access scanner):,-1,https://github.com/GoogleCloudPlatform/forseti-security/pull/2340,Comment,Emoji
53448,"would rephrase \should have marked message as read\"", \""set message done\"" is strange & too technical (the name of the python method is bad).""",-1,https://github.com/odoo/odoo/pull/53448,Comment,Criticize
2497,"i dislike this automation... this means repository p5m file will be changed on next rebuild... can we checkout the exact revision, so that we don't have to modify p5m file?",-2,https://github.com/OpenIndiana/oi-userland/pull/2497,Question,Criticize
5669,"sorry, no can do. these methods are not 'private' which means this changes the method signature in a breaking way. _if_ we want to do this, we need to wait for 4.0",-2,https://github.com/jekyll/jekyll/pull/5669,Comment,Apologetic
190,@burkeholland says lowercase all ms now. sorry.,-2,https://github.com/MicrosoftDocs/azure-docs-sdk-node/pull/190,Comment,Apologetic
3835,"naming a function with a negative in it is more awkward to read because you can end up with double negaives: 'if (!hasnodebugref)' reads \if it does not have no debug ref.\""""",-1,https://github.com/KhronosGroup/SPIRV-Tools/pull/3835,Comment,Other
8089,please add a test that the debug message is shown when a service is bad.,-1,https://github.com/puppetlabs/puppet/pull/8089,Suggestion,Constructive
13620,"![major](https://sonarsource.github.io/sonar-github/severity-major.png 'severity: major') remove the unused function parameter \$skin\"". [![rule](https://sonarsource.github.io/sonar-github/rule.png)](https://sonarqube.wikia-inc.com/coding_rules#rule_key=ph""",-1,https://github.com/Wikia/app/pull/13620,No Content,Other
38296,this reads worse to me -- why the change?,-2,https://github.com/qgis/QGIS/pull/38296,Question,Criticize
3129,"_non-blocking opinion_ as an error message intended for a user, http response status code is not a clear sign of what caused the failure. aside from it is a client side error, it offers little information. i do not expect all users to be familiar with azu",-1,https://github.com/Azure/azure-cli/pull/3129,Comment,Criticize
1048,"''suggestion where <code>message_hash</code> is a bip340-tagged hash of the message, i.e. sha256_tag(m), where tag = <code>\bip0322-signed-message\""</code>, and <code>message_challenge</code> is the to be proven (public) key script. ''' (it's a strin""",-1,https://github.com/bitcoin/bips/pull/1048,Suggestion,Constructive
14705,> all subclasses should override ''__len__'' is this a hard requirement? what if we have a stream of data?,-1,https://github.com/pytorch/pytorch/pull/14705,Question,Constructive
4658,"i see a problem here, look at line 297, it's still using the 'snxep' format",-1,https://github.com/pymedusa/medusa/pull/4658,Comment,Constructive
1152,"hey @my7ym , i went quickly over the pr but i was a bit confused with this projection. based on the query the final projection should be a structured type (coord) and here it appears that the final projection is just an int type (coord.x). do you have an",-1,https://github.com/apache/calcite/pull/1152,Question,Constructive
18971,"could probably simplify this logic. '''python if ('levelchange' in fibaro_device.interfaces or force_dim): ''' as it is right now, level_change in interfaces (true), force_dim: false would result in '(true or false) and false' -> 'true and false' ->",-1,https://github.com/home-assistant/home-assistant/pull/18971,Comment,Constructive
4909,doctype icons are deprecated. this might change the view of a lot of existing icons. not sure its a good idea. maybe a patch to remove all existing icons?,-1,https://github.com/frappe/frappe/pull/4909,Question,Criticize
697,probably should change the function name to messagelist_all_messages,-1,https://github.com/zulip/zulip/pull/697,Suggestion,Constructive
41036,this is really messy. it's no longer possible to reuse code. remove both '_schema_value' and '_populate_schema' and do it inline.,-2,https://github.com/home-assistant/core/pull/41036,Suggestion,Criticize
406,i think you should return 'message('second message')' here and move the '.then()' and '.catch()' to the outside. that way the '.catch()' handle errors from either message.,-1,https://github.com/watson-developer-cloud/node-sdk/pull/406,Suggestion,Constructive
2781,"@matleppa no, it is not a good idea because it is not a simple way to check how can really managed api. please look at this collection helper https://github.com/apinf/platform/blob/develop/apis/collection/helpers.js#l31 as i remember this collection help",-1,https://github.com/apinf/platform/pull/2781,Suggestion,Criticize
519,this fails for me when i run it complaining that this block has no id,-1,https://github.com/ONSdigital/eq-survey-runner/pull/519,Comment,Constructive
301,"my recommendation is to keep a preconfigured config.json in the test folder of explorer that can be copied into place, removing this messy logic.",-1,https://github.com/LiskHQ/lisk-explorer/pull/301,Suggestion,Criticize
1971,"nit - i don't imagine someone can do something like this? 'const {tomessagepublishedevent} = require('@google/events/cloud/pubsub/v1').messagepublisheddata;' (i ask because this format makes reverse engineering/\exploring\"" the \""type definition unive""",-1,https://github.com/GoogleCloudPlatform/nodejs-docs-samples/pull/1971,Comment,Criticize
18395,"i think this should still have an 's': '''suggestion def _find_binning_thresholds(col_data, max_bins): '''",-1,https://github.com/scikit-learn/scikit-learn/pull/18395,Suggestion,Constructive
740,"...why on earth did he use conditional operators here... :| i'm not going to complain about your change since you're just copying what was already there, but... '''c++ return (reverse ? std::less<std::string>() : std::greater<std::string>())((*hotkey_",-1,https://github.com/wesnoth/wesnoth/pull/740,Comment,Criticize
299,"in the 'read_oms_primary_workspace_config_file' method, you had exception-catching logic. what if the 'oms_admin_config_file' file does not exist? what if you encounter an error parsing it?",-1,https://github.com/Microsoft/PowerShell-DSC-for-Linux/pull/299,Question,Constructive
13588,"just in order to avoid confusion, what's the difference between this function and 'waitforexistandclick()' function ?????",-1,https://github.com/PrestaShop/PrestaShop/pull/13588,Question,Criticize
1505,"sorry i was unclear (i was on my phone at that time), i was thinking about this test: https://github.com/sonata-project/sonatamediabundle/blob/3.x/tests/dependencyinjection/sonatamediaextensiontest.php",-2,https://github.com/sonata-project/SonataMediaBundle/pull/1505,Comment,Apologetic
1955,"this is only a suggest, but may be is better use a static const std::string and to get its length you can use size() method, moreover when you assign a char * to std::string internally make something like that: std::string(my_char_pointer) in this way is",-1,https://github.com/telefonicaid/fiware-orion/pull/1955,Suggestion,Constructive
810,"when i run this example i get: ''' ./scripts/avocado run passtest boot this_does_not_exists /bin/echo avocado crashed: typeerror: __init__() takes exactly 2 arguments (3 given) traceback (most recent call last): file \/home/cleber/src/avocado/a""",-1,https://github.com/avocado-framework/avocado/pull/810,Comment,Constructive
1202,"i think this works, but we should limit this functionality to mle messages. i think we can do this by defining a new 'message::msubtype' value, setting it in 'mle::newmlemessage()', then checking the sub type value using 'amessage.getsubtype()'. thought",-1,https://github.com/openthread/openthread/pull/1202,Suggestion,Constructive
6251,"@scottmitch can you use some better logging message ? maybe something like 'unexpected exception while loading class {}', class, cause)'",-1,https://github.com/netty/netty/pull/6251,Question,Constructive
671,"could we expand this to fully case-insensitive pattern match like '[ss][ii][gg][nn] ?[oo][nn] [tt][oo] [cc][ii][cc][ss]'? would that be overkill, or a reasonable approach?",-1,https://github.com/nmap/nmap/pull/671,Question,Constructive
274,"wouldn't it be nice to have other user information too ? like surname, username, id ? user: { id: ..., surname: ...., username: ... } maybe not required currently ... but how about the structure current_user: { id: 42 } ?",-1,https://github.com/puzzle/cryptopus/pull/274,Question,Constructive
2952,why do we expose this in documentation if user doesn't have any control over it? is it for transparency? just for info?,-1,https://github.com/h2oai/h2o-3/pull/2952,Question,Constructive
7277,it would be nice to remove this '@deprecated' method being used. at least in places where it is trivial. without this effort those method won't disappear shortly causing this code being messed for longer time.,-1,https://github.com/prestodb/presto/pull/7277,Suggestion,Criticize
18675,you're mixing in gui stuff in a core class. this smells fishy. maybe it's just bad naming?,-1,https://github.com/xbmc/xbmc/pull/18675,Question,Criticize
1238,could you improve this test by catching the warning and checking that it was raised with the expected message content?,-1,https://github.com/scikit-learn/scikit-learn/pull/1238,Question,Constructive
292,you don't need 'promise.all' here since you don't perform any async operations right?,-1,https://github.com/cuappdev/ithaca-transit-backend/pull/292,Question,Constructive
6384,"''suggestion <span uib-tooltip=\enter review message before rejecting.\"" tooltip-placement=\""bottom\"" tooltip-enable=\""reviewmessage.length == 0\""> '''""",-1,https://github.com/oppia/oppia/pull/6384,No Content,Other
352,"not a criticism of your code since we don't choose these, but i think it's crazy that the yum namespace urls 404 :(",-1,https://github.com/pulp/pulp_rpm/pull/352,Comment,Emoji
1019,"remove \after that,\"". it is confusing that what \""that\"" actually points out is both installation with homebrew and installation with pip.""",-1,https://github.com/pfnet/chainer/pull/1019,Suggestion,Criticize
10985,"the general versioning guidelines are at https://github.com/microsoft/api-guidelines/blob/vnext/azure/guidelines.md. because it's a stable api version, i think we will have to bump the api version â˜¹.",-1,https://github.com/Azure/azure-rest-api-specs/pull/10985,Suggestion,Constructive
8549,some weird formatting here,-1,https://github.com/gradle/gradle/pull/8549,Comment,Criticize
20141,do we need to keep this 'raises' here? the error message already includes which error didn't raised,-1,https://github.com/python/cpython/pull/20141,Question,Constructive
3455,i think this will trigger for cross-realm messages?,-1,https://github.com/zulip/zulip/pull/3455,Question,Constructive
5221,"here is a memory leak. ''' ==35600== 303 (192 direct, 111 indirect) bytes in 3 blocks are definitely lost in loss record 290 of 510 ==35600== at 0x483b7f3: malloc (in /usr/lib/x86_64-linux-gnu/valgrind/vgpreload_memcheck-amd64-linux.so) ==35600==",-2,https://github.com/wazuh/wazuh/pull/5221,Comment,Constructive
20055,i'm confused. this comment doesn't match the behaviour below.,-1,https://github.com/apple/swift/pull/20055,Comment,Criticize
22133,"the value could be any one of the status. if the value does not have a corresponding string, we display a general error string. we need to do the check before assigning the l10n id.",-1,https://github.com/mozilla-b2g/gaia/pull/22133,Comment,Constructive
425,better to extract this message into strings.xml for the sake of internationalization.,-1,https://github.com/haiwen/seadroid/pull/425,Suggestion,Constructive
944,is this the pattern we expect customers to use? i thought doing this would delete existing tags. we should demonstrate the best practice because our expectation is that customers will copy and paste our snippets so if we show them the wrong thing to do th,-1,https://github.com/OpenNTF/SocialSDK/pull/944,Question,Constructive
4070,"''suggestion def psum_bind(*args, axis_name, axis_index_groups): '''",-1,https://github.com/google/jax/pull/4070,Suggestion,Constructive
313,if we want to share the redis instance with rack attack and sidekiq we should call the variable something else. maybe just 'redis_url'?,-2,https://github.com/18F/identity-idp/pull/313,Question,Constructive
898,"the message should actually be that we don't want rendering of pages to output anything in the current servlet response since we'll send the zip in that response. and you could add that for example, if the page does a redirect, it would write to the servl",-1,https://github.com/xwiki/xwiki-platform/pull/898,Comment,Constructive
3805,"i find this documentation a little confusing. can you add a high-level comment explaining what this method is for? something like, \this method returns the coordinates on the read that correspond to the given reference interval, which must be contained wi""",-1,https://github.com/broadinstitute/gatk/pull/3805,Question,Criticize
3100,lint/uselessassignment: useless assignment to variable - 'sharing'.,-1,https://github.com/code-dot-org/code-dot-org/pull/3100,Comment,Criticize
8451,could you check for the error case before calling get_posix_field so you do f have to catch deverror? also would be good to have a test,-1,https://github.com/puppetlabs/puppet/pull/8451,Question,Constructive
5622,idiot psav,-2,https://github.com/ManageIQ/integration_tests/pull/5622,Ironic,Criticize
1938,"can we use translation strings here to allow this error message to be translated. and please remember to run the command for updating translation files,",-1,https://github.com/onaio/onadata/pull/1938,Suggestion,Constructive
33661,"it's not clear how fool-proof you want to be here, but i'll note that people can fool this brand check. for example, 'eventtarget.prototype.dispatchevent.call({ constructor: eventtarget })' would pass with this implementation, but fail per spec. but an",-1,https://github.com/nodejs/node/pull/33661,Suggestion,Constructive
1272,note (fyi): this works but is not necessary because 'sofamodeler_have_tinyxml' is not needed in sofamodelerconfig.cmake.in (cmake level propagation) nor in config.h.in (c++ level propagation).,-1,https://github.com/sofa-framework/sofa/pull/1272,Comment,Criticize
13600,it's been a long time ago but i remember some builds produced a ridiculous amount of data and nobody volunteered to clean that up. without the stricter clean up rules teamcity disk would be filled up swiftly.,-2,https://github.com/gradle/gradle/pull/13600,Comment,Criticize
30915,"imho this is not good and the previous line is \better\"", because the current directory may be different depending on where and how you run phpunit exactly, that's the version without the leading '/' makes more sense. imho.""",-1,https://github.com/laravel/framework/pull/30915,Comment,Criticize
6432,please do not copy documentation from other projects. especially if other projects are not apache licensed. even worse than copying is copying but not adjusting variable names. you use 'text string' in the paramter but 'str' in the description.,-2,https://github.com/apache/flink/pull/6432,Suggestion,Criticize
220,"after a little research, i think that ios and android are using different versions of the language code standards. we should circle back and make sure we're sending the same things. also, i think we may be confusing *language* and *locale*",-1,https://github.com/edx/edx-app-android/pull/220,Suggestion,Constructive
2164,thanks for spotting this. hard coded code snippets are anyway evil. please use '@include demos/dox/find/finder_online.cpp' to include a compiled and executed code snippet. you can also add '@include demos/dox/find/finder_online.cpp.stdout' to view the r,-1,https://github.com/seqan/seqan/pull/2164,Suggestion,Criticize
7349,any harm in just initializing '$verticals' here and remove the need for the 'getverticals()' function below?,-2,https://github.com/Wikia/app/pull/7349,Question,Constructive
1000,"since you changed the message, this might need change",-1,https://github.com/splicemachine/spliceengine/pull/1000,Suggestion,Constructive
17,"surely the jwk set itself being empty should be a hard failure, shouldn't it? if it needs to be validated i would have said that should happen where it's loaded to prevent the app from even starting with a bad jwks.",-1,https://github.com/artsalliancemedia/thunderstorm-auth-library/pull/17,Comment,Other
2369,"![major](https://sonarsource.github.io/sonar-github/severity-major.png 'severity: major') call \branch.ispresent()\"" before accessing the value. [![rule](https://sonarsource.github.io/sonar-github/rule.png)](https://next.sonarqube.com/sonarqube/coding_rule""",-1,https://github.com/SonarSource/sonarqube/pull/2369,Suggestion,Constructive
1976,mutation is a bad idea; we should avoid if possible.,-1,https://github.com/ClusterHQ/flocker/pull/1976,Comment,Criticize
18149,"this is just weird to me. why do we assign the 'attempt' value to the 'lcp.context' before we updated 'self.attempts' counter on line 1221? does 'self.lcp.grade_answers' use this key? if it does, why not just move the 'self.attempts = self.attempts + 1'",-1,https://github.com/edx/edx-platform/pull/18149,Question,Criticize
4757,"the first part of this check is useless: if it is higher than 5.4.4, it will also be higher than 5.4.0",-1,https://github.com/symfony/symfony/pull/4757,Comment,Criticize
7002,_flutter.getsupporteddisplayrefreshrate' is more indicative of the response from the method. the current name might be confused for the current refresh rate.,-1,https://github.com/flutter/engine/pull/7002,Comment,Constructive
2121,"don't quite understand why we can't get this version from 'decidim::core', as it's a hard dependency. but ok!",-1,https://github.com/decidim/decidim/pull/2121,Comment,Criticize
3139,this is formatted a little weird. try using [this script](https://github.com/google/google-java-format/blob/master/scripts/google-java-format-diff.py)?,-1,https://github.com/GoogleCloudPlatform/google-cloud-java/pull/3139,Question,Criticize
49675,strange that these changes from other merged prs should appear in the diff.. please check if rebasing with onnx_ms_1 resolves this issue.,-1,https://github.com/pytorch/pytorch/pull/49675,Comment,Criticize
1914,"if the error is already logged (and **always** logged in case it occurs), then this alarm is not necessary. the question is always, which one should be removed, low level or high level? i guess the best info is given at lower level in this case, so",-2,https://github.com/telefonicaid/fiware-orion/pull/1914,Question,Constructive
2734,"we might want to provide an explanation with this traceback so that it doesn't look like an internal error to the uninformed user: '''python try: from parsec.empysupport import empyerror, empyprocess except importerror as exc: exc.message =",-1,https://github.com/cylc/cylc/pull/2734,Suggestion,Constructive
7558,"i don't like the level idea (why would you want *a little of* optimizations?), but if you're using it, check for 'level >= 1', not 'level == 1'",-1,https://github.com/pytorch/pytorch/pull/7558,Question,Criticize
722,can you add the stable version as it will exist in few days?,-1,https://github.com/OP-TEE/optee_os/pull/722,Question,Constructive
677,shouldn't the value '50' come from the spring.data.web.pageable.max-page-size property instead of being hard coded here?,-1,https://github.com/ZupIT/charlescd/pull/677,Question,Constructive
4770,the failure message is easier to read with 'assert_raise_message' than 'assert_raises_regexp' when regexp expression are not required.,-1,https://github.com/scikit-learn/scikit-learn/pull/4770,Comment,Constructive
9874,"now that we are modifying this code, we could get ride of the problem that we have in desktop and b2g for desktop that navigator.mozmobileconnection is null and we get an error i know that are more lines of code but checking for navigator.mozmobileconn",-1,https://github.com/mozilla-b2g/gaia/pull/9874,Comment,Constructive
19018,"this is a return type, please forward declare namespace boost { class shared_mutex; } - boost headers suck to be included in other headers",-1,https://github.com/TrinityCore/TrinityCore/pull/19018,Suggestion,Criticize
6253,"this is so dangerous, i'm not sure its a good idea. deleteall() also requires conditions.",-1,https://github.com/cakephp/cakephp/pull/6253,Comment,Criticize
2010,"not a good design, please also consider if it makes sense for other platforms (e.g. amd ..).",-1,https://github.com/avocado-framework/avocado-vt/pull/2010,Comment,Criticize
422,"we use specific types in our api, and so should use them in test code when we call such api. int --> int32_t unfortunately, you should then use a cast '(int)count' in the logln() because the '%d' specifically wants an int.",-1,https://github.com/unicode-org/icu/pull/422,Suggestion,Constructive
15662,<?php if ( $enableannouncements ): ?>',-1,https://github.com/Wikia/app/pull/15662,No Content,Other
7600,nit: may as well have ++iit in the for loop because it always occurs. ''' for (ctxmempool::setentries::iterator iit = testset.begin(); iit != testset.end(); ++iit) { // only test txs not already in the block if (inblock.count(*iit),-1,https://github.com/bitcoin/bitcoin/pull/7600,Suggestion,Constructive
5103,list in the commit message what libraries are being added.,-1,https://github.com/prestodb/presto/pull/5103,Suggestion,Constructive
21179,it would be best if it was written with punctuation. '''suggestion <source>the order message given is invalid.</source> ''',-1,https://github.com/PrestaShop/PrestaShop/pull/21179,Suggestion,Constructive
13149,"we need the ability to pass in an arbitrary message, not submission_response_message, points_earned, points_possible. these are examples of messages that we will need to pass in: 1. partially correct (3/4 points earned) 2. your answers have been saved",-1,https://github.com/edx/edx-platform/pull/13149,Suggestion,Constructive
33816,i would reword it because right now it sounds odd.. how about allow user to use advanced query dsl directly and don't apply 'query:querystring:options' to 'query_string' filters automatically.,-1,https://github.com/elastic/kibana/pull/33816,Suggestion,Criticize
2720,![minor](https://sonarsource.github.io/sonar-github/severity-minor.png 'severity: minor') expected property shorthand in object literal ('{editionstatus}'). [![rule](https://sonarsource.github.io/sonar-github/rule.png)](https://next.sonarqube.com/sonarqub,-1,https://github.com/SonarSource/sonarqube/pull/2720,Suggestion,Constructive
167,bad!,-1,https://github.com/icgc-dcc/dcc-portal/pull/167,Ironic,Criticize
44234,iirc these are weak references so they should be removed automatically,-1,https://github.com/home-assistant/core/pull/44234,No Content,Other
24376,this is absolutely nitpicking but i find the presence of a quotation mark in a doc string so *weird*!,-1,https://github.com/odoo/odoo/pull/24376,Ironic,Criticize
4912,this method could use some refactoring in that the zip file name should be used from a shared variable instead of separate strings to make sure it is consistent. suggested change (could be a follow pr): either 1. set the 'import_options' hash first a,-1,https://github.com/ManageIQ/manageiq-ui-classic/pull/4912,Suggestion,Constructive
1390,"i don't remember how exactly does strong-remoting handle arguments of prototype method. i think 'ctx.args.id' is set for the shared constructor only, the method itself does not necessarily have to have an 'id' argument.",-1,https://github.com/strongloop/loopback/pull/1390,Comment,Constructive
19962,"i believe this message should be updated to reflect the latest workaround guidance from 'urllib' found [here](https://urllib3.readthedocs.io/en/latest/user-guide.html#ssl-py2), to something like 'or you can install the 'urllib3' package with the 'secure'",-1,https://github.com/ansible/ansible/pull/19962,Suggestion,Constructive
1543,ignoring axis and setting it to 0 always ?,-2,https://github.com/dmlc/tvm/pull/1543,Question,Constructive
2893,"assign is not a good name, maybe gennamefortempvar?",-1,https://github.com/PaddlePaddle/Paddle/pull/2893,Question,Criticize
11907,"i'd say you could use vector3 to be consistent with the tilemap api. then, tilemap also has this mix of 'x, y' and 'vector2' methods, with the vector methods with a \v\"" suffix, like 'get_cellv'. too bad we can't have proper overloading and drop this ha""",-1,https://github.com/godotengine/godot/pull/11907,Suggestion,Constructive
2251,"in this case \api's service\"" is the correct use of the possessive, as the services belong to the api.""",-1,https://github.com/OAI/OpenAPI-Specification/pull/2251,Comment,Constructive
570,"remove the '|'s so it looks like ''' * if you encounter the error ''\importerror: dll load failed\""'' when attempting to run freeseer, copy the contents of ''<gstreamer_dir>\\<version_num>\\sdkindings\\python2.7\\lib'' to ''<gstreamer_dir>\\<ve""",-1,https://github.com/Freeseer/freeseer/pull/570,Suggestion,Constructive
16657,micro-nit (totally not blocking): s/uses the internals of node.js in an invalid way/is incompatible with this versino of node.js/,-1,https://github.com/nodejs/node/pull/16657,Comment,Constructive
985,"i think wsrep_on and wsrep_global_on are very different function , wsrep_on is much stricter . but yeah if you decided to use wsrep_on, wont thd->wsrep_cs().state() != wsrep::client_state::s_none be a better choice ?",-1,https://github.com/MariaDB/server/pull/985,Question,Constructive
437,to me (as a js noob) this looks weird. i ask myself _why doesn't settitle() do that?_,-1,https://github.com/neos/neos-development-collection/pull/437,Question,Criticize
82204,"i don't love that this function has two parameters that are responsible for determining if a space is \authorized\"" or not. it makes tracing the logic a bit more complicated than it needs to be imo. what do you think about updating 'getnamespacesprivilegem""",-2,https://github.com/elastic/kibana/pull/82204,Suggestion,Criticize
302,does changing the return type to 'bool' help with the misleading service call time out msg?,-2,https://github.com/ignitionrobotics/ign-gazebo/pull/302,Question,Criticize
395,"this seems weird: 'spaces_after' is not a keyword argument. i would convert it to a keyword argument (default='false'), and omit it here, for consistency with the way it's handled elsewhere (e.g. '_apply_currency').",-1,https://github.com/openstenoproject/plover/pull/395,Suggestion,Criticize
1968,please add a fail message.,-1,https://github.com/jbosstools/jbosstools-openshift/pull/1968,Suggestion,Constructive
3810,no ? could you add a more explicit message,-1,https://github.com/ow2-proactive/scheduling/pull/3810,Question,Constructive
16467,this needs to be in a 'finally' block to prevent leaking an alarm if 'consume_func' raises an exception for some other reason. #16486.,-2,https://github.com/zulip/zulip/pull/16467,Comment,Constructive
1985,"the call is indeed a bit weird, but you can derive from the usage of this object what we expect: '''ts interface callserviceconfig { service: string; entity: string; service_data?: { [key: string]: any }; } '''",-1,https://github.com/home-assistant/home-assistant-polymer/pull/1985,Comment,Criticize
3206,this doesn't look like test code. probably just means we need to expose getequationfromblock somewhere that isn't listed as testonly.,-1,https://github.com/code-dot-org/code-dot-org/pull/3206,Comment,Constructive
6875,"there is a strange error regarding tabs, expected minimal '4' tabs, found '4'. do you have any idea how that is possible?",-1,https://github.com/Yoast/wordpress-seo/pull/6875,Question,Criticize
47195,"i'm a bit \eh\"" about including unreleased resources here, even if it fixes the other problem. any idea how long until this becomes stable?""",-1,https://github.com/Homebrew/homebrew/pull/47195,Question,Criticize
3709,double negatives are confusing. can you switch this to 'next if languages.length == 1',-1,https://github.com/github/linguist/pull/3709,Suggestion,Criticize
69,"umm, i fear this will not be seemless since the current configs using processname in their .conf file will start seeing unexpected results. i think processname is a descriptive enough name to keep. if you want to change it however maybe something more int",-3,https://github.com/Yelp/fullerite/pull/69,Comment,Criticize
1709,pluralize resource type name. disasterrecoveryconfigs,-1,https://github.com/Azure/azure-rest-api-specs/pull/1709,No Content,Other
647,"we should probably use wildcard versions, '2.*' etc which would resolve to the highest '2.x.x' stable release",-1,https://github.com/pulumi/examples/pull/647,Suggestion,Constructive
14452,"nit: this means preload the share menu only on mobile, right? can you clarify in the comment? it's confusing since it comes right after 'preloadpagesbydistance', which (afaik) we want to do on mobile and desktop.",-1,https://github.com/ampproject/amphtml/pull/14452,Question,Criticize
8628,''suggestion std::string found_directory; ''',-1,https://github.com/dolphin-emu/dolphin/pull/8628,Suggestion,Constructive
3456,"one thing that confuses me is the use of start and start_value. is there any difference between them. also i think \value\"" should be avoided if it's not generic, if there's no reason i'm unaware of. maybe change to start_lvl to differentiate from temperat""",-1,https://github.com/nrfconnect/sdk-nrf/pull/3456,Suggestion,Criticize
3358,"looking at some of the examples at http://developers.whatwg.org/microdata.html#microdata, i'm inclinded to think that, in this case, 'itemprop=\name\""' should be implemented as '<span itemprop=\""name\"">' within the anchor (as much as i hate to add more spans""",-3,https://github.com/joomla/joomla-cms/pull/3358,Suggestion,Constructive
3752,"hi @stu01509 , if removing it causes no problems (and avoids the override), then would remove it (i do recall in the past that doing this messed up some of the styling in paging stuff, but maybe it was just a collision of some other css).",-1,https://github.com/openemr/openemr/pull/3752,Comment,Constructive
9450,"i have only one doubt for this package and also the dashboard, would be better to use mktemp instead mkdir to create the directories?",-1,https://github.com/netdata/netdata/pull/9450,Question,Constructive
9457,"strange, this one is still missing - you might have to run 'make translate' again to make sure these end up in bitcoin_en.ts as well.",-1,https://github.com/bitcoin/bitcoin/pull/9457,Ironic,Criticize
2612,"if we are putting this class to 'common', it has to be generic, i.e. the caller should be able to specify the prefix, rather than hard-coded with 'armeria.executor'.",-1,https://github.com/line/armeria/pull/2612,Comment,Other
2578,"honestly i think that if the problem is to check if decrypt_reg() will return \\"" then the check should be just after the call to decrypt_reg to avoid confusion: '''ruby dec = decrypt_reg(url, data) next if dec.empty? ''' but yup, the patch here i""",-1,https://github.com/rapid7/metasploit-framework/pull/2578,Question,Constructive
3307,"i think we should leave these commands for backward compatibilty. of course the documentation will only cover the \preferred\"" naming, but these should provide no confusion here since they're pretty much hidden.""",-1,https://github.com/apache/pulsar/pull/3307,Suggestion,Constructive
19459,"please add something like 'if (pyerr_occurred()) { return -1; }'. setint() silently ignore errors, but can \leak\"" an exception. setint() doesn't check for pydict_setitemstring() failure, and it doesn't report errors :-(""",-1,https://github.com/python/cpython/pull/19459,Suggestion,Emoji
454,"minor thing: i'd move the generation of the categories to a variable outside, to avoid having that big ugly block below.",-2,https://github.com/CartoDB/deep-insights.js/pull/454,Comment,Criticize
2293,"i as far as i understand, this change is needed for 'os::set_window_centered' to work correctly and actually center the window... for that it needs to include the titlebar, borders, etc.., that's true. but i believe this is the wrong way to solve that pr",-1,https://github.com/godotengine/godot/pull/2293,Comment,Criticize
13253,"i would even write _image format not recognized, allowed format(s): .%s_, what do you think?",-1,https://github.com/PrestaShop/PrestaShop/pull/13253,Question,Constructive
2462,the at-start-of-line ('^') and optional leading blanks ('[ ]*') don't improve the comment detection but rather make it worse i.e. it prevents detecting trailing comment.,-2,https://github.com/notepad-plus-plus/notepad-plus-plus/pull/2462,Comment,Criticize
13343,"can we add another assertion to ensure it displays \internal\"" in this row? just in case that logic gets messed with.""",-1,https://github.com/getsentry/sentry/pull/13343,Question,Constructive
191,"i think that checking this testnaerror at the beginning of run(..) will be better, it will avoid useless setup and cleanup.",-1,https://github.com/autotest/tp-libvirt/pull/191,Suggestion,Criticize
1954,"minor, but why use '=== ' as the error message prefix? we don't seem to be using it anywhere else... also, even more minor, but i don't think 'zlib' is ever capitalized.",-1,https://github.com/wxWidgets/wxWidgets/pull/1954,Question,Criticize
10626,it's not a good way to add a bool switch here. i think a better way is to let 'listen_and_serv_op' use a child scope.,-1,https://github.com/PaddlePaddle/Paddle/pull/10626,Comment,Criticize
10504,"\_sec\"" is quite confusing here since this is in us. maybe just drop the suffix.""",-1,https://github.com/systemd/systemd/pull/10504,Suggestion,Criticize
646,"this is misleading. even if the box has disappeared there is no guarantee that the os has written the cache to disk. users need to properly eject and shutdown devices, and if they do so, they will not lose data.",-2,https://github.com/mixxxdj/mixxx/pull/646,Suggestion,Criticize
132,these lines look rather weird to me... was irp->iostatus.status initiliazed before? wouldn't it be better to set status = status_not_supported; irp->iostatus.status = status;?,-1,https://github.com/reactos/reactos/pull/132,Question,Criticize
215,odd that the plugin version doesn't match the sdk version.,-1,https://github.com/GoogleCloudPlatform/getting-started-java/pull/215,Comment,Criticize
62,a break if allowed is true would skip more loops and do the same right? found this a bit hard to comprehend,-1,https://github.com/neos/neos-development-collection/pull/62,Question,Criticize
1382,spelling mistake ('dsdfebian').,-1,https://github.com/debops/debops/pull/1382,Comment,Constructive
756,"sorry about that, should not have dropped you out of the label. i will merge in a change putting you back as the author.",-2,https://github.com/EOSIO/eos/pull/756,Comment,Apologetic
728,quick spitup from our database: | type | count | |----|---:| | anime | 55920 | | category | 132 | | character | 105669 | | episode | 792 | | manga | 53298 | | person | 35053 | | producer | 1326 |,-1,https://github.com/hummingbird-me/kitsu-server/pull/728,Comment,Other
1058,"i think it would be fine to move this out of the firestore() function, if that's what you're asking. i don't have a strong preference.",-1,https://github.com/firebase/firebase-js-sdk/pull/1058,Comment,Constructive
25527,"for line 108, ' in total' should be out of 'span' with 'field-emphasis' class. let's combine the value in parentheses with this message. also i'd put 'metriccards.length' from line 102 in the message as well. '''js i18n-default-message=\{wrappedmetricc""",-1,https://github.com/elastic/kibana/pull/25527,Suggestion,Constructive
116,isn't this representing an api breaking change? users upgrading to this version of the library might have to fix and recompile. that's annoying. can we instead deprecate the method that we previously had and make the 'true' perhaps attach a default 'l,-2,https://github.com/novoda/merlin/pull/116,Question,Criticize
4359,i don't like no double negatives,-1,https://github.com/square/okhttp/pull/4359,Comment,Criticize
6725,"can you please rewrite this spec sentence, it is now hard to understand",-1,https://github.com/decidim/decidim/pull/6725,Suggestion,Criticize
1508,the usage of '()' to delineate values is a bit weird. maybe we can replace it with ''' or something like that.,-1,https://github.com/apache/kafka/pull/1508,Comment,Criticize
26343,"''suggestion - name: \please follow commit message guidelines: <a href=\""https://goo.gl/p2fr5q\"">link</a>\"" '''""",-1,https://github.com/nodejs/node/pull/26343,Suggestion,Constructive
11556,it's kind of messy how stmtchecker uses a null return to signal failure. does it ever return anything other than the original stmt or nullptr?,-1,https://github.com/apple/swift/pull/11556,Question,Constructive
8781,allowing the attacker to edit/create files _owned_ by root. this exploit,-2,https://github.com/rapid7/metasploit-framework/pull/8781,Comment,Criticize
561,"you could have used a dictionary here initialized with a case-insensitive comparer, and skipped all the toupper calls. just create the enumerable list as you're doing and pass that to the dictionary ctor.",-1,https://github.com/Microsoft/sarif-sdk/pull/561,Suggestion,Constructive
2690,"now that we change, let's try to change this as well: const std::string& (x2)",-1,https://github.com/telefonicaid/fiware-orion/pull/2690,Suggestion,Constructive
4281,"i think it's ok to split out things like the copyright notice or the \this is experimental software\"" notice. i think the easiest solution for proper newlines is to leave the first two messages seperate and combine the second paragraph into one message and""",-1,https://github.com/bitcoin/bitcoin/pull/4281,Suggestion,Constructive
742,self.assertnotin would give a better failure message,-1,https://github.com/ONSdigital/eq-survey-runner/pull/742,Suggestion,Constructive
1965,maybe add 2 more quick tests for the 400 responses (bad json and unknown path),-1,https://github.com/edx/edx-platform/pull/1965,Suggestion,Constructive
286,![major](https://sonarsource.github.io/sonar-github/severity-major.png 'severity: major') this block of commented-out lines of code should be removed. [![rule](https://sonarsource.github.io/sonar-github/rule.png)](http://ci.wso2telco.com:9000/coding_rules,-1,https://github.com/WSO2Telco/component-ids/pull/286,No Content,Other
2878,"''suggestion afterward, extract the tarball to your local system by running the following command (ensure the name of the file that you downloaded, and change konvoy-kommander_darwin.tar.bz2 accordingly): '''",-1,https://github.com/mesosphere/dcos-docs-site/pull/2878,Suggestion,Constructive
657,why the () around if since we don't use this syntax found it a little hard to read at first glance,-1,https://github.com/uktrade/great-cms/pull/657,Question,Criticize
100,"i think it may be easier to reason about this by implementing a compare function: '''python def alloc_equals(portal_alloc, tas_alloc): return all(tas_alloc.get(key) == portal_alloc.get(key) for key in allocation_id_keys) ''' then you can simp",-1,https://github.com/ChameleonCloud/portal/pull/100,Suggestion,Constructive
1651,![info](https://sonarsource.github.io/sonar-github/severity-info.png 'severity: info') suppressing the 'squid:s2972' warning is not allowed [![rule](https://sonarsource.github.io/sonar-github/rule.png)](https://sonar.orionminecraft.com/coding_rules#rule_k,-1,https://github.com/Minecolonies/minecolonies/pull/1651,Comment,Constructive
51,nak using bindsto. it's derived from requires. requires causes bad behavior,-1,https://github.com/dcos/dcos/pull/51,Comment,Constructive
10581,what's the point of the two insecurerandbits calls skipping the new boost_checks? it seems like the checks should always pass and aren't very expensive. is the point to avoid creating cache entries during the test? maybe add a comment saying why this only,-1,https://github.com/bitcoin/bitcoin/pull/10581,Question,Criticize
34983,this might be actually a bit confusing since folks including me are used to looking for 'skipif' decorators. what's the reason for switching?,-1,https://github.com/pytorch/pytorch/pull/34983,Question,Criticize
1998,"so this is a weird case. the chain would catch most of them and make them a 500, but if it made it past the chain to the power filter itself it'd make them a 502. i'm not certain which is better.",-1,https://github.com/rackerlabs/repose/pull/1998,Comment,Criticize
7184,this is one hard to read preprocessor mess,-1,https://github.com/RIOT-OS/RIOT/pull/7184,Comment,Criticize
2742,hard code 0?,-1,https://github.com/Xilinx/XRT/pull/2742,Question,Other
8320,"php7errorexception' is used on line 161, i had commented the same on a similar earlier pr too. whatever ide / tool you guys are using isn't smart enough.",-1,https://github.com/cakephp/cakephp/pull/8320,Comment,Criticize
7242,you removed apache announcement and retained cheat sheet,-2,https://github.com/apache/incubator-mxnet/pull/7242,Comment,Other
11686,"thats a bit strange, why did it change from 'https' to 'http'?",-1,https://github.com/jhipster/generator-jhipster/pull/11686,Question,Criticize
3534,"15 arguments, that has to be some record. i think we need some helper struct to keep track of at least some of the arguments because this function will be very hard to call without making mistakes.",-2,https://github.com/OP-TEE/optee_os/pull/3534,Suggestion,Constructive
1149,style/raiseargs: provide an exception class and message as arguments to raise. (https://github.com/bbatsov/ruby-style-guide#exception-class-messages),-1,https://github.com/crowbar/crowbar-core/pull/1149,Comment,Constructive
22197,"lgtm. i just have one doubt, after we get the mkldnn pass here, do we expect its getplacename() is \mkldnn\"" ?""",-1,https://github.com/PaddlePaddle/Paddle/pull/22197,Question,Constructive
778,mistake?,-1,https://github.com/eslint/eslint/pull/778,Comment,Criticize
898,daaaaaaaaanger ðŸ’€ ðŸš« ðŸ’£ ðŸ”ª ðŸ”«,-2,https://github.com/projecthydra/sufia/pull/898,Comment,Criticize
2534,"how about... '''java stream<message<?>> messagestream = streamsupport.stream(((iterable<?>) message.getpayload()).spliterator(), false) .map(payload -> new message<object>() { @override public object getpayload() { return payl",-1,https://github.com/spring-projects/spring-integration/pull/2534,Suggestion,Constructive
15860,"unfortunately, putting a test here is only really a best effort check, because a 'at::tensor' wrapper can alias the same tensorimpl as a 'caffe2::tensor' and subsequently restride the tensor, breaking the invariant here. one way we could make this chec",-1,https://github.com/pytorch/pytorch/pull/15860,Comment,Constructive
1333,bg image is not available. git add -a ? ![shade-resize](https://user-images.githubusercontent.com/5934199/29781167-97f17cee-8c18-11e7-98fa-61766da79da6.png),-1,https://github.com/mixxxdj/mixxx/pull/1333,Question,Constructive
4632,"when i test http://localhost:8000/find-a-housing-counselor/ (without sending in a zipcode), the page breaks. i suspect this line is the culprit: the 'tojson' filter probably can't figure out what to do when 'api_json' is empty. could solve this with a",-1,https://github.com/cfpb/cfgov-refresh/pull/4632,Comment,Constructive
4181,"this one confuses me a bit, many gates do not have parameters why is this check only added for the barrier? e.g. this is the current behaviour: '''python >>> from qiskit.circuit import barrier >>> from qiskit.circuit.library import xgate >>> b = bar",-1,https://github.com/QISKit/qiskit-terra/pull/4181,Question,Criticize
2272,"you might have told me before, in which case i'm sorry for asking again. how is this change related to making container api optional?",-2,https://github.com/ClusterHQ/flocker/pull/2272,Question,Apologetic
44958,"1. 'torch_check' is preferred to throwing a regular runtime error since it has improved backtraces. 2. \generic\"" is not a well-known concept for library users. instead this error message should reference the specific 'kind', so it looks like \""can not cre""",-1,https://github.com/pytorch/pytorch/pull/44958,Comment,Constructive
7363,the fact that we have to manually handle propagated object deletion means we have something wrong in our design. not the easiest thing i can think of (outside of the scope of this pr) would be to ensure propagated roles never skip any objects. in this,-1,https://github.com/google/ggrc-core/pull/7363,Comment,Constructive
6799,not a good idea i think. this seems to a bad practice. better create specific twig extensions where this is needed.,-1,https://github.com/pimcore/pimcore/pull/6799,Comment,Criticize
7323,"there are a couple of weak ptrs here... 'updates_model', 'update_profile'... can't we count on just one? this whole piece of code is a little confusing.",-1,https://github.com/IntelRealSense/librealsense/pull/7323,Question,Criticize
33616,"this looks scary to me, but hopefully just because i don't know how to read this .ini file :-) can you confirm that this only affects the ci.swift.org downloadable toolchain packages, and no other toolchains?",-2,https://github.com/apple/swift/pull/33616,Question,Emoji
40715,we should not raise exceptions at this level. how about a debug message?,-1,https://github.com/home-assistant/core/pull/40715,Question,Constructive
13761,oops,-2,https://github.com/ampproject/amphtml/pull/13761,No Content,Other
7762,required: need to validate downloaded or not? flash message assertion needed in the test as in model; we just checked 'no_error',-1,https://github.com/ManageIQ/integration_tests/pull/7762,Question,Other
2037,the 'begin ... while' idiom is hard to read. i prefer (and the [ruby style guide](https://github.com/bbatsov/ruby-style-guide#syntax) agrees) 'loop ... break' '''ruby loop do ... break unless ... end ''',-1,https://github.com/rapid7/metasploit-framework/pull/2037,Comment,Criticize
1111,"does it mean enable for both x86 and arm? afaik, it is enabled for arm before this patch? correct me if i am wrong.",-1,https://github.com/crosswalk-project/crosswalk/pull/1111,Question,Constructive
414,"as we learned tonight, this is going to create a connection for each message queue, which is done by server. so lets say 1 zombie kill, 1 playerkill, * 500 servers = > 1000 connections. plus publishing. it starts to die fast. i think this needs to be",-1,https://github.com/CatalysmsServerManager/7-days-to-die-server-manager/pull/414,Suggestion,Constructive
8706,this should be reverted to keep it aligned with the propertyaccessor param. the cs-fixer has been confused by the multiline description,-1,https://github.com/symfony/symfony/pull/8706,Suggestion,Criticize
2137,well to me this looks unnecessary too complex. those who send signals know it's an equivalent and those who just wanted to interrupt the whole thing might be confused.,-1,https://github.com/avocado-framework/avocado/pull/2137,Comment,Criticize
1727,"since 'name in self' is using '__contains__' which is also calling 'self.key(name)', we could make it more efficient (and easier to understand imho): '''python key = self.key(name) config = self.__qt_config if config.contains(key): config.remov",-1,https://github.com/metabrainz/picard/pull/1727,Suggestion,Constructive
186,not sure this is accurate.. consider: '''ts class a { a(): this { return this; } } class b { b(): this { return this; } extend<t>(other: t): this & t { return <any>this; } } var b = new b(); var a = new a(); var extended,-1,https://github.com/Microsoft/TypeScript-Handbook/pull/186,Comment,Constructive
2256,"if a record only has 'row identifier field', i got the following error with 'skip field' strategy. this is another edge case, but do we want to treat such records as no-op, so that other records in the same batch operation can be put unaffected? ''' 2",-1,https://github.com/apache/nifi/pull/2256,Question,Constructive
10948,"they use different messages, but the mosdpglog message returned from fulllog request includes the info. i'd prefer you not change the messages if possible since it would make handling and testing the mixed cluster case much harder.",-1,https://github.com/ceph/ceph/pull/10948,Comment,Constructive
6693,"maybe you should always declare the variable '$modulename' and bypass the module if the file does not exist. leaving the variable undefined will throw an exception later (l.456), which is not really good in my opinion. it would be better if we handle it",-2,https://github.com/PrestaShop/PrestaShop/pull/6693,Suggestion,Constructive
4208,"i think multi-line quoted messages and compact block collections could be fixed easily. i'll have a look at both issues. for the rest, i think we can improve the user experience a lot if we provide more sensible exception messages like the one i mentioned",-1,https://github.com/symfony/symfony-docs/pull/4208,Comment,Constructive
1443,"for consistency with fromarray (as well as for consistency with the other platforms) you might consider leaving the ctor private and adding a 'fromset' method. in particular, the android sdk has (copy+pasted): ''' public final class fieldmask {",-1,https://github.com/firebase/firebase-js-sdk/pull/1443,Suggestion,Constructive
679,"oops, it's actually a module from another team. keep this untouched please",-2,https://github.com/it-projects-llc/misc-addons/pull/679,Comment,Constructive
46,"maybe add the actual epoch in the message: \minimum number of epochs (%d) not reached yet.\""""",-1,https://github.com/awslabs/sockeye/pull/46,Suggestion,Constructive
3727,"this is still ignoring 'step', which may even be negative.",-2,https://github.com/Theano/Theano/pull/3727,Comment,Criticize
90,"hm, perhaps this would be better 'firstmessage', to make the semantics clear. and, i think the comment could be extended to say that we optimize the case that there is one message, and only put everything afterwards into the 'moremessages' data structu",-1,https://github.com/smarr/SOMns/pull/90,Suggestion,Constructive
1891,"this hash in directory name is not good, it'd complicate bumping. you can workaround it using e.g.: '''sh builddir=\$srcdir/$pkgname-$pkgname\"" prepare() { mv \""$builddir\""-* \""$builddir\"" # directory name contains hash default_prepare } '''""",-1,https://github.com/alpinelinux/aports/pull/1891,Suggestion,Criticize
4330,in some weird cases (due to the way object reviews were implemented) it is possible to have a task without an 'end_date' can you make sure this code does not fail completely in such a case? currently it throws an error and dies.,-1,https://github.com/google/ggrc-core/pull/4330,Suggestion,Constructive
31764,[style guidelines](https://developers.home-assistant.io/docs/en/development_guidelines.html#log-messages): > there is no need to add the platform or component name to the log messages. this will be added automatically. '''suggestion _logger,-1,https://github.com/home-assistant/home-assistant/pull/31764,Comment,Constructive
34260,"this limits the number of shaders you can have from 1024 (already dangerously low) to 256. it might be best to figure out a way to do this without adjusting \sort_key\"". i tried to fiddle with it once before but reduz didn't allow it. he has planned out th""",-1,https://github.com/godotengine/godot/pull/34260,Comment,Other
6563,"should we enforce that some error message is provided now? e.g.: '#define ort_return_if(condition, first_part_of_error_message, ...)'",-1,https://github.com/Microsoft/onnxruntime/pull/6563,Question,Constructive
764,0xff' used to be 'gic_it_get_target(0)' is it an issue to have this hard-coded value?,-1,https://github.com/OP-TEE/optee_os/pull/764,Question,Constructive
3748,"this is hacky way to get the \old\"" name and error prune. for example 'my_gate' raises a message 'a gate named my already exists. we have renamed your gate to my_gate_47432'. notice '... named my already ...'. i think it is just simpler to do this: '''""",-1,https://github.com/QISKit/qiskit-terra/pull/3748,Comment,Criticize
4481,that message belongs not here but in ''step 2: parameter interactions'' in init.,-1,https://github.com/bitcoin/bitcoin/pull/4481,Comment,Other
38667,"ah, i think you need to kill the bottle block here.",-1,https://github.com/Homebrew/homebrew/pull/38667,Suggestion,Constructive
455,we can take this now considering our rebuild times. but we may need to identify a more fool proof method to ensure rebuild is still in progress at the time of clone creation,-1,https://github.com/openebs/litmus/pull/455,Suggestion,Constructive
2491,is error parameter realy needed in this callback since it is always set to 0 (no error) ? it might be confusing for user.,-1,https://github.com/nrfconnect/sdk-nrf/pull/2491,Question,Constructive
32349,"sorry, i know this is annoying but please leave this option ('reverse') as-is as otherwise it won't be enabled for anyone using the old option.",-2,https://github.com/Homebrew/homebrew/pull/32349,Suggestion,Apologetic
643,"@igr-santos i guess we must from now on, when adding some text, use translation component. if you have doubts how to implement, my advice is to search for login pages and some commits from @manuellaos",-1,https://github.com/nossas/bonde-client/pull/643,Suggestion,Constructive
8560,"huh, well this is unfortunate. we should update this on 'rpc-cap' as well, to get rid of this second copy.",-1,https://github.com/MetaMask/metamask-extension/pull/8560,Suggestion,Constructive
457,"hmm, i think we can skip this warning but i think we should add a note to the migration docs? (no harm in leaving it here but i'd definitely add a note to the migration docs)",-2,https://github.com/elastic/rally/pull/457,Question,Constructive
4057,"@richtja i'm sorry that i have to ask about this merged pr, but i believe this change is affecting our test with avocado-vt and tp-libvirt. after removing this line:142, 'reconfigure' function will be run along with every test twice. and when '--show",-2,https://github.com/avocado-framework/avocado/pull/4057,Comment,Apologetic
6747,"will be hard for the user reading the log to correlate this message to the one above. ideally each situation should have one complete message, which should also include the correlation values",-2,https://github.com/mulesoft/mule/pull/6747,Comment,Constructive
7055,"@tor4 i believe removing these is just reducing our test coverage and i am very much against the idea. the test should be modified to check the parsed query not the evaluated. evaluate tests were just easier to write, but just removing them is not g",-1,https://github.com/google/ggrc-core/pull/7055,Suggestion,Criticize
12833,"are these messages used anywhere else? if not, can we remove them from our i18n files?",-1,https://github.com/Wikia/app/pull/12833,Question,Constructive
715,is there some way we can avoid hard coding this string? we might not be able to assume this url structure for native web things.,-1,https://github.com/mozilla-iot/gateway/pull/715,Question,Constructive
37326,this message needs updating to include the fact that null is permitted.,-1,https://github.com/symfony/symfony/pull/37326,Suggestion,Constructive
3973,"referring back to the discussion about map notation. i think we can remove the last sentence here. there is no advantage/disadvantage in using the map notation. and, as you pointed out, users are just confused why there are different notations. i think",-1,https://github.com/gradle/gradle/pull/3973,Suggestion,Constructive
305,"part1, part2, part3, part4 are not very meaningful? can we replace those with better semantics? and can these pipelines be used standalone as in be useful standalone?",-2,https://github.com/nipy/nipype/pull/305,Question,Criticize
28328,weird. it works but should not it be 'get('installedlangsfrontend'' ?,-1,https://github.com/joomla/joomla-cms/pull/28328,Question,Criticize
1180,"![major](https://sonarsource.github.io/sonar-github/severity-major.png 'severity: major') reduce the number of returns of this method 7, down to the maximum allowed 6. [![rule](https://sonarsource.github.io/sonar-github/rule.png)](https://sonar.minecoloni",-1,https://github.com/Minecolonies/minecolonies/pull/1180,Suggestion,Constructive
37036,can we call this self.blk_values? calling it blocks is misleading,-2,https://github.com/pandas-dev/pandas/pull/37036,Question,Criticize
3939,what is this file? strange extension in a unix world... should it be under a '/etc/xilinx' or '/etc/default' or whatever?,-1,https://github.com/Xilinx/XRT/pull/3939,Question,Criticize
35096,it doesn't harm to also do a filecheck on the generated ir file to check the linkage of the function pointer.,-2,https://github.com/apple/swift/pull/35096,Comment,Constructive
93,"sorry for this post-lgtm comment, but i have just realized... do we need entry at changes_next_relese for these changes? probably not, due that are small and internal ones, but just to let you know...",-2,https://github.com/telefonicaid/perseo-fe/pull/93,Question,Apologetic
2771,"![major](https://sonarsource.github.io/sonar-github/severity-major.png 'severity: major') remove this unused method parameter \status\"". [![rule](https://sonarsource.github.io/sonar-github/rule.png)](https://next.sonarqube.com/sonarqube/coding_rules#rule_k""",-1,https://github.com/SonarSource/sonarqube/pull/2771,Suggestion,Constructive
1758,"![minor](https://sonarsource.github.io/sonar-github/severity-minor.png 'severity: minor') this call to \contains()\"" may be a performance hot spot if the collection is large. [![rule](https://sonarsource.github.io/sonar-github/rule.png)](https://sonar.mine""",-1,https://github.com/Minecolonies/minecolonies/pull/1758,Comment,Constructive
676,"![minor](https://sonarsource.github.io/sonar-github/severity-minor.png 'severity: minor') make \createdescription\"" a \""static\"" method. [![rule](https://sonarsource.github.io/sonar-github/rule.png)](https://sonar.ops.bosch-iot-rollouts.com/coding_rules#rule""",-1,https://github.com/eclipse/hawkbit/pull/676,Comment,Constructive
2696,"using 'as' for longlow/high is misleading imho. this is not the trace id \as\"" a longlow. it is only a part of the trace id. maybe 'getlonglow' would be better.""",-2,https://github.com/open-telemetry/opentelemetry-java/pull/2696,Suggestion,Criticize
8577,"best practice when wrapping another function is to pass both '*args' and '**kwargs'. '''suggestion def run(command, *args, **kwargs): '''",-1,https://github.com/qmk/qmk_firmware/pull/8577,Suggestion,Constructive
54888,"could be a for-of look instead of '.map()'. fix looks appropriate, read more/less is legacy code that mutates the dom, so hard to do much better without re-thinking how read more/less work (waste of time right now).",-1,https://github.com/odoo/odoo/pull/54888,Comment,Other
1669,![info](https://raw.githubusercontent.com/sonarcommunity/sonar-github/master/images/severity-info.png 'severity: info') complete the task associated to this todo comment. [![rule](https://raw.githubusercontent.com/sonarcommunity/sonar-github/master/images,-1,https://github.com/SonarSource/sonarqube/pull/1669,Suggestion,Constructive
12801,"please include dim in the docstring (the linter will complain if you don't). can you make sure to look at the docstring of the function that the decorator returns to make sure that dim is appropriately marked as deprecated (and if not, put \(deprecated)\""""",-1,https://github.com/tensorflow/tensorflow/pull/12801,Question,Constructive
414,let's keep the full classname in-line and not use a variable. all plugins are slowly moving toward using package-like names. using a variable for every plugin seems like it would be an anti-pattern.,-1,https://github.com/grpc/grpc-java/pull/414,Comment,Constructive
594,"instead of providing deserializer that makes code ugly, maybe try to provide additional method such as getoutputs() that wraps it? then the model stays the same as iti s in json file and onlyl view is using method for displaying content in different way",-2,https://github.com/damianszczepanik/cucumber-reporting/pull/594,Suggestion,Constructive
12858,nit: 'see e.g. [2]_' sounds weird to me. (feel free to close this if it makes sense to you),-1,https://github.com/scipy/scipy/pull/12858,Comment,Criticize
27148,"this is not going to work :( ceph-volume (and ceph) do not depend on mock, and although it is being added to tox.ini as a dependency it will break package workflows that require declaring dependencies for running tests. instead, we can use py.test's ow",-1,https://github.com/ceph/ceph/pull/27148,Comment,Emoji
2597,how about adding a message to the exception? could use different message for the two cases ('!session.cansendrequest()' and 'id >= max_num_requests_sent'),-1,https://github.com/line/armeria/pull/2597,Question,Constructive
3473,please remove redundant debug messages.,-1,https://github.com/kaltura/server/pull/3473,Suggestion,Constructive
3481,so is this a temp thing? i'm unclear why we couldn't include a 'index.js' to deliver bundles to the oah pages? https://github.com/cfpb/cfgov-refresh/blame/master/cfgov/jinja2/v1/_layouts/base.html#l262,-1,https://github.com/cfpb/cfgov-refresh/pull/3481,Question,Constructive
6808,"oh fuck, that was because of the missing (void) in rdiff.h can you update that to avoid further issues like this?",-2,https://github.com/radare/radare2/pull/6808,Question,Constructive
13915,"this signature feels a little bit unfortunate, the callback in the middle doesn't follow convention, but i don't see a clean way around it. i have a preference for _activating_ this option, by that i mean inverting the boolean 'clearfields = false' (or",-1,https://github.com/Automattic/wp-calypso/pull/13915,Comment,Criticize
1151,![minor](https://sonarsource.github.io/sonar-github/severity-minor.png 'severity: minor') remove this unused import 'net.minecraftforge.fml.common.mod'. [![rule](https://sonarsource.github.io/sonar-github/rule.png)](https://sonar.minecolonies.com/coding_r,-1,https://github.com/Minecolonies/minecolonies/pull/1151,Suggestion,Constructive
7234,"this will break for hadoop 1.x which doesn't have 'viewfilesystem'. unfortunately, we'll need to compare the name against a hard-coded string 'org.apache.hadoop.fs.viewfs.viewfilesystem'.",-1,https://github.com/prestodb/presto/pull/7234,Comment,Criticize
13484,![major](https://sonarsource.github.io/sonar-github/severity-major.png 'severity: major') reduce the number of conditional operators (4) used in the expression (maximum allowed 3). [![rule](https://sonarsource.github.io/sonar-github/rule.png)](https://son,-1,https://github.com/Wikia/app/pull/13484,Suggestion,Constructive
3722,i don't like much having '-' in a db name. why not call it 'notification' @alexfalessi @fviale,-1,https://github.com/ow2-proactive/scheduling/pull/3722,Comment,Criticize
594,the null check is my mistake: it's unnecessary. i don't think anything much would work if response was null.,-1,https://github.com/square/okhttp/pull/594,Comment,Criticize
1424,">artifacts [](start = 9, length = 9) we got this wrong. the type here s/be artifactlocation, not artifact. the name of the property as 'artifacts' is correct. though.",-1,https://github.com/Microsoft/sarif-sdk/pull/1424,Suggestion,Constructive
376,"not a compaint or so, but is there some specific reason why you would use messagecount instead of just returning getconfig().consumableusers().size() ?",-1,https://github.com/apache/camel/pull/376,Question,Criticize
1133,"i tend to think that the message should be a bit more helpful than that... if it blows, message is not really helpful.",-1,https://github.com/SonarSource/sonar-java/pull/1133,Comment,Criticize
46080,can't have mandatory cross-tap dependencies in the core i'm afraid. this would either need to be vendored or live outside the core.,-3,https://github.com/Homebrew/homebrew/pull/46080,Suggestion,Constructive
2838,''suggestion throw new \runtimeexception('failed to determine the current working directory.'); ''' nit: 'failing doing thing' struct me as weird verses 'failed to do thing' but 50/50,-1,https://github.com/dependabot/dependabot-core/pull/2838,Suggestion,Criticize
2541,"to me, this degrades the user experience. before, if a user who had chosen usps verification signs out and back in, then clicks \i can't get mail at this address\"", they were redirected to '/verify/phone' where they could choose to verify by phone. now, if""",-2,https://github.com/18F/identity-idp/pull/2541,Question,Criticize
4526,"this comment is misleading it should say something along the lines of: this fails if the display environment variable is not set and the previous line did not succeed in changing the backend, for example because import matplotlib.pyplot was imported be",-2,https://github.com/scikit-learn/scikit-learn/pull/4526,Comment,Criticize
4952,"i am concerned that this will create a nasty conflict in git. why do we need to rename this method? the confirmed opt in tick is for accounts, contacts, leads, and targets. we should not see the tick for users or employees. so the name of the function",-2,https://github.com/salesagility/SuiteCRM/pull/4952,Comment,Criticize
2071,perhaps we should only do this check if either retentionms or messagetimestampdifferencemaxms is being changed?,-1,https://github.com/apache/kafka/pull/2071,Question,Constructive
